rank,symbol_a,symbol_b,pair,timeframe,coint_statistic,coint_pvalue,adf_statistic,adf_pvalue,half_life_days,sharpe_ratio,profit_factor,win_rate,total_trades,max_drawdown,avg_holding_minutes,hedge_ratio,spread_mean,spread_std,avg_dollar_volume_a,avg_dollar_volume_b,window_start,window_end,sample_bars
1,PG,MUSA,PG/MUSA,1 day,-4.42283417,0.001635,-4.4180434,0.000276,7.728116222222222,4.03187389,,1.0,9,0.0277013,14080.0,0.35246333,,0.0257808,541513062.54,35889620.35,2023-09-26T00:00:00+00:00,2025-10-29T00:00:00+00:00,525
2,AMN,CORT,AMN/CORT,1 day,-5.29881894,4.5e-05,-5.294191,6e-06,7.450855505555555,4.02551534,,1.0,8,0.11191646,16020.0,-1.100651,,0.15947565,18491569.65,28055490.46,2023-09-26T00:00:00+00:00,2025-10-29T00:00:00+00:00,525
3,ACA,KTB,ACA/KTB,1 day,-5.51855048,1.6e-05,-5.51338338,2e-06,6.5857529875,3.74474047,,1.0,8,0.0344694,12780.0,0.54607787,,0.04287141,8127127.75,17795804.88,2023-09-26T00:00:00+00:00,2025-10-29T00:00:00+00:00,525
4,FITB,TMHC,FITB/TMHC,1 day,-4.49991079,0.001225,-5.43423656,3e-06,6.301460903472222,3.6745052,,1.0,8,0.06642297,12600.0,1.12611381,,0.0451566,113814209.29,26211313.43,2023-09-26T00:00:00+00:00,2025-10-29T00:00:00+00:00,525
5,ANET,AORT,ANET/AORT,1 day,-4.39119753,0.001838,-5.23773973,7e-06,7.2931398,3.5592313,,1.0,9,0.10904019,11360.0,0.98940504,,0.08440719,461021343.49,4267568.15,2023-09-26T00:00:00+00:00,2025-10-29T00:00:00+00:00,525
6,ANDE,LYEL,ANDE/LYEL,1 day,-5.27327696,5e-05,-5.26801858,6e-06,6.751630786111111,3.86948327,,1.0,7,0.06410999,12754.285714,0.22281513,,0.05519255,3966163.02,1015706.19,2023-09-26T00:00:00+00:00,2025-10-29T00:00:00+00:00,525
7,ABR,GRPN,ABR/GRPN,1 day,-4.48402908,0.001301,-4.47967729,0.000214,9.477498582638889,3.67939873,,1.0,9,0.14200648,17600.0,-0.22547058,,0.07695364,36863214.22,14442523.28,2023-09-26T00:00:00+00:00,2025-10-29T00:00:00+00:00,525
8,D,SPXC,D/SPXC,1 day,-5.17333899,7.8e-05,-5.16823,1e-05,7.381605715277778,3.2735043,,1.0,9,0.05928934,18080.0,0.40000565,,0.03836632,153957620.42,14330074.08,2023-09-26T00:00:00+00:00,2025-10-29T00:00:00+00:00,525
9,ANDE,PM,ANDE/PM,1 day,-4.3919365,0.001833,-4.38706461,0.000313,9.487445201388889,3.96801875,,1.0,8,0.05968276,18000.0,-0.54031819,,0.06340911,3966163.02,375324200.68,2023-09-26T00:00:00+00:00,2025-10-29T00:00:00+00:00,525
10,AHCO,MGY,AHCO/MGY,1 day,-5.31892547,4.1e-05,-5.31382968,5e-06,6.751411817361111,3.56171983,,1.0,7,0.0658369,16251.428571,1.18625608,,0.09070197,6511956.25,33497766.89,2023-09-26T00:00:00+00:00,2025-10-29T00:00:00+00:00,525
11,AIN,ESE,AIN/ESE,1 day,-4.60001814,0.000835,-4.59563925,0.000132,8.929074574305556,3.63913748,,1.0,8,0.11665838,19980.0,-0.52278821,,0.07517318,6381926.67,6826050.05,2023-09-26T00:00:00+00:00,2025-10-29T00:00:00+00:00,525
12,ADPT,IBEX,ADPT/IBEX,1 day,-5.69618969,7e-06,-5.99438646,,5.9389832673611105,3.49695938,,1.0,6,0.14029817,13680.0,1.63195052,,0.13037777,7764791.32,1411932.89,2023-09-26T00:00:00+00:00,2025-10-29T00:00:00+00:00,525
13,ACT,DUK,ACT/DUK,1 day,-4.55471097,0.000994,-4.38276539,0.000318,9.432306933333335,4.0833451,,1.0,7,0.0261913,11520.0,0.91596509,,0.03476617,5005232.6,170537809.4,2023-09-26T00:00:00+00:00,2025-10-29T00:00:00+00:00,525
14,D,FBP,D/FBP,1 day,-5.05512097,0.00013,-5.05049833,1.8e-05,7.574145511111111,3.35879838,,1.0,8,0.12238869,16020.0,0.72004789,,0.0424697,153957620.42,11082453.95,2023-09-26T00:00:00+00:00,2025-10-29T00:00:00+00:00,525
15,ADC,AFL,ADC/AFL,1 day,-4.76572805,0.000434,-4.76117129,6.4e-05,8.32915864513889,3.76166199,,1.0,7,0.04468394,15840.0,0.87889269,,0.03448505,34805669.83,92337001.16,2023-09-26T00:00:00+00:00,2025-10-29T00:00:00+00:00,525
16,HUM,CINF,HUM/CINF,1 day,-4.18527482,0.00384,-4.18128177,0.000709,12.919350786805555,4.37060755,,1.0,8,0.22414723,16380.0,-1.41897664,,0.11187277,278720338.15,27959212.49,2023-09-26T00:00:00+00:00,2025-10-29T00:00:00+00:00,525
17,AMZN,PFBC,AMZN/PFBC,1 day,-4.47104738,0.001366,-4.46664673,0.000226,9.524631870833334,3.65293141,,1.0,8,0.07517011,17640.0,1.21754655,,0.06633205,4901890274.19,2414876.96,2023-09-26T00:00:00+00:00,2025-10-29T00:00:00+00:00,525
18,ADEA,PTCT,ADEA/PTCT,1 day,-4.72998386,0.0005,-4.54224652,0.000165,8.958501864583333,3.78875431,,1.0,7,0.08459698,14605.714286,0.44562835,,0.07621161,3054351.04,19534154.35,2023-09-26T00:00:00+00:00,2025-10-29T00:00:00+00:00,525
19,DE,ENPH,DE/ENPH,1 day,-4.08461044,0.005419,-4.08032475,0.001044,10.846170309722222,3.89059256,,1.0,8,0.0592803,16200.0,-0.2266863,,0.05843747,269545454.52,244082745.78,2023-09-26T00:00:00+00:00,2025-10-29T00:00:00+00:00,525
20,AGEN,NJR,AGEN/NJR,1 day,-4.75406239,0.000454,-4.74930724,6.8e-05,8.116371025694445,3.32590067,,1.0,8,0.53178674,14400.0,-10.72938035,,0.37687416,3961669.71,10065352.8,2023-09-26T00:00:00+00:00,2025-10-29T00:00:00+00:00,525
21,PG,ODFL,PG/ODFL,1 day,-4.30320946,0.002531,-4.29696646,0.00045,7.065331243055555,3.47704623,,1.0,7,0.02472742,12548.571429,0.2495282,,0.02736187,541513062.54,143341480.68,2024-05-07T00:00:00+00:00,2025-10-29T00:00:00+00:00,371
22,PFE,KOS,PFE/KOS,1 day,-4.00068214,0.007165,-3.9971089,0.001426,12.220626761111111,4.34066469,,1.0,8,0.04110699,16740.0,0.14037721,,0.04969767,801604187.16,24029845.91,2023-09-26T00:00:00+00:00,2025-10-29T00:00:00+00:00,525
23,ADPT,WU,ADPT/WU,1 day,-4.95529107,0.000199,-4.94969491,2.8e-05,7.084995861111111,3.35188701,,1.0,7,0.17528444,16662.857143,-2.84184826,,0.16503614,7764791.32,44565180.47,2023-09-26T00:00:00+00:00,2025-10-29T00:00:00+00:00,525
24,ALRM,NNOX,ALRM/NNOX,1 day,-4.20511862,0.003583,-4.20097781,0.000656,10.544226878472223,3.71207744,,1.0,8,0.04336189,18360.0,0.30085035,,0.05499695,8391010.22,10342468.26,2023-09-26T00:00:00+00:00,2025-10-29T00:00:00+00:00,525
25,AEP,SIGI,AEP/SIGI,1 day,-5.60697352,1.1e-05,-5.60182954,1e-06,6.608408940972222,3.16047677,,1.0,7,0.08047637,12548.571429,-1.19039966,,0.06337912,144762016.52,14285043.44,2023-09-26T00:00:00+00:00,2025-10-29T00:00:00+00:00,525
26,AEP,SIGI,AEP/SIGI,1 day,-5.60697352,1.1e-05,-5.60182954,1e-06,6.608408940972222,3.16047677,,1.0,7,0.08047637,12548.571429,-1.19039966,,0.06337912,144762016.52,14285043.44,2023-09-26T00:00:00+00:00,2025-10-29T00:00:00+00:00,525
27,NVDA,SPXC,NVDA/SPXC,1 day,-4.36519785,0.002022,-4.36102027,0.000348,9.856184315277778,3.83170985,,1.0,7,0.08150503,17280.0,1.70773655,,0.09657596,22998055942.03,14330074.08,2023-09-26T00:00:00+00:00,2025-10-29T00:00:00+00:00,525
28,WELL,PBI,WELL/PBI,1 day,-5.10523296,0.000105,-5.10047201,1.4e-05,7.369093990972222,3.63664344,,1.0,6,0.06999117,13680.0,0.58405849,,0.04741422,155575832.93,10921505.41,2023-09-26T00:00:00+00:00,2025-10-29T00:00:00+00:00,525
29,ADBE,CNP,ADBE/CNP,1 day,-4.15101986,0.004322,-4.14721173,0.000808,11.124254390277777,3.70858656,,1.0,8,0.09253638,21420.0,-1.29401167,,0.07783812,704776497.6,105496088.88,2023-09-26T00:00:00+00:00,2025-10-29T00:00:00+00:00,525
30,ADBE,CNP,ADBE/CNP,1 day,-4.15101986,0.004322,-4.14721173,0.000808,11.124254390277777,3.70858656,,1.0,8,0.09253638,21420.0,-1.29401167,,0.07783812,704776497.6,105496088.88,2023-09-26T00:00:00+00:00,2025-10-29T00:00:00+00:00,525
31,CTRA,ORA,CTRA/ORA,1 day,-4.35484278,0.0021,-4.3507421,0.000362,11.667766724999998,3.9303566,,1.0,7,0.03344719,17691.428571,-0.309437,,0.05443862,114789954.04,15445207.78,2023-09-26T00:00:00+00:00,2025-10-29T00:00:00+00:00,525
32,ACCO,WERN,ACCO/WERN,1 day,-4.98309155,0.000177,-4.97832346,2.4e-05,7.639117101388889,3.04597189,,1.0,8,0.09748859,15120.0,1.05433805,,0.05540825,1959948.02,12442748.44,2023-09-26T00:00:00+00:00,2025-10-29T00:00:00+00:00,525
33,RTX,AEP,RTX/AEP,1 day,-4.46811031,0.001381,-4.46398891,0.000228,9.76102982361111,4.40025566,,1.0,6,0.04164888,16320.0,1.68060742,,0.06318921,346036043.57,144762016.52,2023-09-26T00:00:00+00:00,2025-10-29T00:00:00+00:00,525
34,TMUS,COMP,TMUS/COMP,1 day,-4.39856942,0.001789,-4.39432309,0.000304,9.642523180555555,4.40022457,,1.0,6,0.03218628,13680.0,0.44481491,,0.05908886,404772463.47,28177911.15,2023-09-26T00:00:00+00:00,2025-10-29T00:00:00+00:00,525
35,ABCL,MMC,ABCL/MMC,1 day,-4.67244448,0.000629,-4.66784403,9.7e-05,8.5434577875,3.20094275,,1.0,8,0.21482825,14580.0,-3.91557468,,0.14880042,9957954.42,172493966.91,2023-09-26T00:00:00+00:00,2025-10-29T00:00:00+00:00,525
36,AMN,XOS,AMN/XOS,1 day,-4.19272527,0.003742,-4.18874292,0.000688,12.941636266666668,4.37621904,,1.0,7,0.2036137,26331.428571,1.04730678,,0.20835961,18491569.65,1227957.75,2023-09-26T00:00:00+00:00,2025-10-29T00:00:00+00:00,525
37,ACIW,EPRT,ACIW/EPRT,1 day,-4.06304777,0.005827,-4.05907684,0.001131,11.258241308333334,4.11367631,,1.0,7,0.08300115,14400.0,2.06875913,,0.07712178,13891347.49,21914669.33,2023-09-26T00:00:00+00:00,2025-10-29T00:00:00+00:00,525
38,AIG,WM,AIG/WM,1 day,-4.91432865,0.000236,-4.90890309,3.4e-05,7.410685184027778,3.24860059,,1.0,7,0.03443858,11314.285714,0.76003945,,0.03126995,170785882.91,150336410.01,2023-09-26T00:00:00+00:00,2025-10-29T00:00:00+00:00,525
39,AIG,WM,AIG/WM,1 day,-4.91432865,0.000236,-4.90890309,3.4e-05,7.410685184027778,3.24860059,,1.0,7,0.03443858,11314.285714,0.76003945,,0.03126995,170785882.91,150336410.01,2023-09-26T00:00:00+00:00,2025-10-29T00:00:00+00:00,525
40,AHCO,JANX,AHCO/JANX,1 day,-5.64409538,9e-06,-5.6387554,1e-06,6.1411222937500005,3.17441797,,1.0,6,0.0888849,16320.0,0.17251108,,0.07685983,6511956.25,18324876.55,2023-09-26T00:00:00+00:00,2025-10-29T00:00:00+00:00,525
41,AHCO,SIBN,AHCO/SIBN,1 day,-4.69108392,0.000584,-4.68656985,8.9e-05,8.610601979166667,3.45774179,,1.0,7,0.16539027,19748.571429,-0.52575953,,0.10985501,6511956.25,3581917.84,2023-09-26T00:00:00+00:00,2025-10-29T00:00:00+00:00,525
42,ABM,FB,ABM/FB,1 day,-3.68419589,0.0192,-3.66780326,0.00459,2.8010058513888887,3.11657799,,1.0,5,0.01849975,6912.0,-1.70736234,,0.02537701,10530328.7,293775.41,2025-06-26T00:00:00+00:00,2025-10-29T00:00:00+00:00,87
43,PH,RMD,PH/RMD,1 day,-4.65759175,0.000667,-4.65217743,0.000103,8.19175875625,3.37892041,,1.0,7,0.0315448,15428.571429,0.95959203,,0.05522126,147174692.8,94966206.31,2023-09-26T00:00:00+00:00,2025-10-29T00:00:00+00:00,525
44,AHCO,XOM,AHCO/XOM,1 day,-4.98225286,0.000177,-4.80594075,5.3e-05,8.278364767361111,3.36697172,,1.0,7,0.14830727,15017.142857,1.55011044,,0.10159553,6511956.25,1060738751.26,2023-09-26T00:00:00+00:00,2025-10-29T00:00:00+00:00,525
45,O,CTRA,O/CTRA,1 day,-4.57456568,0.000921,-4.57086644,0.000146,10.724375622916666,3.67141702,,1.0,7,0.05473208,20982.857143,-0.57827627,,0.04701706,184957961.68,114789954.04,2023-09-26T00:00:00+00:00,2025-10-29T00:00:00+00:00,525
46,ABM,WLY,ABM/WLY,1 day,-4.2666707,0.002884,-4.26327206,0.000514,11.476261824305556,3.80877911,,1.0,7,0.02959914,14194.285714,0.58232962,,0.05729448,10530328.7,7323007.63,2023-09-26T00:00:00+00:00,2025-10-29T00:00:00+00:00,525
47,DHR,ASPN,DHR/ASPN,1 day,-5.2096767,6.7e-05,-5.20486639,9e-06,7.168567878472222,3.10905747,,1.0,7,0.03939753,12342.857143,0.20507877,,0.04305057,393049274.76,16466286.9,2023-09-26T00:00:00+00:00,2025-10-29T00:00:00+00:00,525
48,ALLO,OMI,ALLO/OMI,1 day,-4.5648105,0.000956,-4.37219646,0.000332,11.450493495138888,4.16679748,,1.0,6,0.20615258,19680.0,0.7797751,,0.17916102,5699783.6,7454578.82,2023-09-26T00:00:00+00:00,2025-10-29T00:00:00+00:00,525
49,ACT,AHT,ACT/AHT,1 day,-4.24403962,0.003125,-4.49280923,0.000203,9.805449752777777,3.65169928,,1.0,7,0.06321746,20365.714286,-0.21383562,,0.04398805,5005232.6,411578.98,2023-09-26T00:00:00+00:00,2025-10-29T00:00:00+00:00,525
50,ANIP,UAA,ANIP/UAA,1 day,-4.01486722,0.006838,-4.01099455,0.001354,9.828122229166667,3.83470761,,1.0,7,0.06999717,14605.714286,-0.68711023,,0.09060023,7815985.19,61721171.81,2023-09-26T00:00:00+00:00,2025-10-29T00:00:00+00:00,525
51,ALL,COMP,ALL/COMP,1 day,-4.70562525,0.000551,-4.70289871,8.3e-05,11.249134272222221,3.95116452,,1.0,6,0.03999997,19920.0,0.32448988,,0.06325127,130939106.33,28177911.15,2023-09-26T00:00:00+00:00,2025-10-29T00:00:00+00:00,525
52,ALL,COMP,ALL/COMP,1 day,-4.70562525,0.000551,-4.70289871,8.3e-05,11.249134272222221,3.95116452,,1.0,6,0.03999997,19920.0,0.32448988,,0.06325127,130939106.33,28177911.15,2023-09-26T00:00:00+00:00,2025-10-29T00:00:00+00:00,525
53,ALHC,ATKR,ALHC/ATKR,1 day,-4.26636204,0.002887,-4.26171298,0.000517,9.90858874513889,3.9461524,,1.0,6,0.1479576,15600.0,-0.97556406,,0.13243132,14546017.81,30378016.61,2023-09-26T00:00:00+00:00,2025-10-29T00:00:00+00:00,525
54,AHCO,CRNC,AHCO/CRNC,1 day,-4.55132795,0.001007,-4.54698663,0.000162,9.112094676388889,3.45474213,,1.0,7,0.15566765,23451.428571,-0.12403,,0.10517023,6511956.25,18543268.25,2023-09-26T00:00:00+00:00,2025-10-29T00:00:00+00:00,525
55,AIN,PRA,AIN/PRA,1 day,-4.99227737,0.00017,-4.98726187,2.4e-05,8.629874920833334,3.64257708,,1.0,6,0.13888961,16320.0,-0.52137873,,0.07549863,6381926.67,4862527.58,2023-09-26T00:00:00+00:00,2025-10-29T00:00:00+00:00,525
56,ABUS,PFSI,ABUS/PFSI,1 day,-4.4999872,0.001225,-4.49568031,0.0002,9.418552048611112,3.47785915,,1.0,7,0.21232997,19131.428571,1.53972593,,0.09552919,2407436.8,13460256.01,2023-09-26T00:00:00+00:00,2025-10-29T00:00:00+00:00,525
57,ANDE,CORT,ANDE/CORT,1 day,-4.25289315,0.003029,-4.24805663,0.000546,9.716753421527779,3.88922725,,1.0,6,0.07709752,20880.0,-0.28288312,,0.07206476,3966163.02,28055490.46,2023-09-26T00:00:00+00:00,2025-10-29T00:00:00+00:00,525
58,ACT,SO,ACT/SO,1 day,-4.51058848,0.001177,-4.50582625,0.000192,9.910318424305556,3.8085606,,1.0,6,0.01823507,14880.0,0.82011782,,0.03485403,5005232.6,208348181.58,2023-09-26T00:00:00+00:00,2025-10-29T00:00:00+00:00,525
59,ADEA,CENN,ADEA/CENN,1 day,-4.4258416,0.001617,-4.26781448,0.000505,10.190918844444443,3.24907643,,1.0,8,0.11888217,18360.0,-0.27223838,,0.09523845,3054351.04,343908.27,2023-09-26T00:00:00+00:00,2025-10-29T00:00:00+00:00,525
60,ADEA,IDCC,ADEA/IDCC,1 day,-4.41474027,0.001685,-4.41053179,0.000284,9.658820095833333,3.49210907,,1.0,7,0.09644839,23245.714286,0.3479546,,0.072174,3054351.04,22500687.46,2023-09-26T00:00:00+00:00,2025-10-29T00:00:00+00:00,525
61,ABM,ODFL,ABM/ODFL,1 day,-5.24493905,5.7e-05,-5.23968955,7e-06,5.9538880999999995,3.22651874,,1.0,5,0.03380652,12960.0,0.46754181,,0.03978783,10530328.7,143341480.68,2024-05-07T00:00:00+00:00,2025-10-29T00:00:00+00:00,371
62,PG,PRCT,PG/PRCT,1 day,-4.63893108,0.000717,-4.63441856,0.000112,8.715573846527777,3.31062705,,1.0,7,0.04117181,17897.142857,0.1406191,,0.02873096,541513062.54,25485569.34,2023-09-26T00:00:00+00:00,2025-10-29T00:00:00+00:00,525
63,AMTB,BXC,AMTB/BXC,1 day,-4.27037865,0.002846,-4.26689729,0.000507,11.912067300694444,3.69308677,,1.0,7,0.05797093,25508.571429,0.4358348,,0.06282557,1620245.22,3361296.48,2023-09-26T00:00:00+00:00,2025-10-29T00:00:00+00:00,525
64,ETSY,SHLS,ETSY/SHLS,1 day,-4.80188572,0.000375,-4.79792255,5.5e-05,9.176701658333332,3.65285026,,1.0,6,0.11612129,21840.0,0.2712816,,0.08434874,144617598.85,29705691.13,2023-09-26T00:00:00+00:00,2025-10-29T00:00:00+00:00,525
65,AOS,FATE,AOS/FATE,1 day,-3.96647788,0.008012,-3.96314932,0.001616,12.742753239583335,3.75334818,,1.0,8,0.03858052,18180.0,0.13573231,,0.05103134,39785713.92,4926294.18,2023-09-26T00:00:00+00:00,2025-10-29T00:00:00+00:00,525
66,AIG,MATW,AIG/MATW,1 day,-4.76191358,0.00044,-4.75746667,6.6e-05,8.465282881944445,3.23579101,,1.0,7,0.06751066,21188.571429,-0.40376085,,0.04782264,170785882.91,2145776.1,2023-09-26T00:00:00+00:00,2025-10-29T00:00:00+00:00,525
67,ALL,CPK,ALL/CPK,1 day,-5.05790674,0.000129,-5.71700732,1e-06,9.114396311111111,3.90731597,,1.0,5,0.0665423,21888.0,1.28850961,,0.06194214,130939106.33,5084537.12,2023-09-26T00:00:00+00:00,2025-10-29T00:00:00+00:00,525
68,AMZN,BAC,AMZN/BAC,1 day,-4.43449305,0.001566,-5.20939107,8e-06,8.030629179166667,3.49385137,,1.0,6,0.09006543,19200.0,0.89448343,,0.04717101,4901890274.19,1134118733.11,2023-09-26T00:00:00+00:00,2025-10-29T00:00:00+00:00,525
69,AMZN,BAC,AMZN/BAC,1 day,-4.43449305,0.001566,-5.20939107,8e-06,8.030629179166667,3.49385137,,1.0,6,0.09006543,19200.0,0.89448343,,0.04717101,4901890274.19,1134118733.11,2023-09-26T00:00:00+00:00,2025-10-29T00:00:00+00:00,525
70,NEE,ZETA,NEE/ZETA,1 day,-4.35276613,0.002116,-4.27540146,0.00049,9.986064960416666,3.49046011,,1.0,7,0.04849061,11725.714286,0.28724226,,0.06014979,477467690.46,63742033.02,2023-09-26T00:00:00+00:00,2025-10-29T00:00:00+00:00,525
71,UPS,POWI,UPS/POWI,1 day,-4.81356729,0.000357,-4.80775156,5.3e-05,8.562389483333334,3.23195517,,1.0,7,0.02050318,8640.0,0.9777612,,0.06625041,340171086.82,13756775.46,2023-09-26T00:00:00+00:00,2025-10-29T00:00:00+00:00,525
72,PYPL,RVLV,PYPL/RVLV,1 day,-4.48859442,0.001279,-4.48456241,0.00021,7.831782577083334,3.13687182,,1.0,7,0.0933358,20365.714286,0.47598386,,0.05725768,553863968.58,14879304.52,2023-09-26T00:00:00+00:00,2025-10-29T00:00:00+00:00,525
73,PFE,ORLY,PFE/ORLY,1 day,-3.90692098,0.009703,-3.9032049,0.002011,12.572271979166668,3.93460495,,1.0,8,0.05209032,19980.0,-0.44344062,,0.05389855,801604187.16,139617097.91,2023-09-26T00:00:00+00:00,2025-10-29T00:00:00+00:00,525
74,MSCI,PECO,MSCI/PECO,1 day,-4.54890247,0.001017,-4.54418581,0.000163,8.898279695833335,3.58037221,,1.0,6,0.06133012,16320.0,1.00799888,,0.04571769,108203951.86,12420327.0,2023-09-26T00:00:00+00:00,2025-10-29T00:00:00+00:00,525
75,ALLO,PRDO,ALLO/PRDO,1 day,-4.08042134,0.005496,-4.07652217,0.001059,11.25657942986111,3.71231327,,1.0,7,0.31578195,25097.142857,-1.58916751,,0.20177369,5699783.6,4946684.57,2023-09-26T00:00:00+00:00,2025-10-29T00:00:00+00:00,525
76,ALLO,ATGE,ALLO/ATGE,1 day,-4.58038882,0.000901,-4.5761878,0.000143,9.996827302777778,4.04494824,,1.0,5,0.11770475,18432.0,-1.06061879,,0.17607503,5699783.6,16686168.76,2023-09-26T00:00:00+00:00,2025-10-29T00:00:00+00:00,525
77,SYY,PTC,SYY/PTC,1 day,-4.39232613,0.00183,-4.38776032,0.000312,9.412611861805555,3.3797097,,1.0,7,0.03371275,24274.285714,0.43517715,,0.03415908,125918821.19,70244771.47,2023-09-26T00:00:00+00:00,2025-10-29T00:00:00+00:00,525
78,ANIP,SABR,ANIP/SABR,1 day,-4.88580507,0.000266,-4.6652396,9.8e-05,7.369206261805555,3.26276433,,1.0,6,0.16675128,11520.0,-0.51254678,,0.08214613,7815985.19,11722576.88,2023-09-26T00:00:00+00:00,2025-10-29T00:00:00+00:00,525
79,XOM,KRYS,XOM/KRYS,1 day,-5.07507855,0.00012,-5.01092248,2.1e-05,10.232674042361111,3.37611381,,1.0,7,0.04825183,20571.428571,0.19324071,,0.04119597,1060738751.26,20469551.56,2023-09-26T00:00:00+00:00,2025-10-29T00:00:00+00:00,525
80,ADV,UPBD,ADV/UPBD,1 day,-4.92644879,0.000224,-4.92167456,3.2e-05,7.796313202083334,3.34847301,,1.0,6,0.23619834,17760.0,2.56273606,,0.16101327,1323552.85,6589736.32,2023-09-26T00:00:00+00:00,2025-10-29T00:00:00+00:00,525
81,AIN,SR,AIN/SR,1 day,-4.08960974,0.005329,-4.085831,0.001022,11.437495230555555,4.09509979,,1.0,6,0.06789545,15120.0,-1.09927219,,0.08912997,6381926.67,11807874.57,2023-09-26T00:00:00+00:00,2025-10-29T00:00:00+00:00,525
82,ALLO,ANGO,ALLO/ANGO,1 day,-4.09037883,0.005315,-4.08658634,0.001019,11.45011835,4.09688261,,1.0,6,0.12123392,20160.0,-1.45761151,,0.25540093,5699783.6,3067546.01,2023-09-26T00:00:00+00:00,2025-10-29T00:00:00+00:00,525
83,FDX,DNLI,FDX/DNLI,1 day,-4.50843078,0.001186,-4.50404889,0.000193,9.229383520833334,3.60995382,,1.0,6,0.04954577,31440.0,0.33761847,,0.05648059,239273483.48,12802830.97,2023-09-26T00:00:00+00:00,2025-10-29T00:00:00+00:00,525
84,MMC,ETSY,MMC/ETSY,1 day,-4.72889353,0.000503,-4.72318373,7.6e-05,9.408373604166666,3.29954066,,1.0,7,0.07052079,12754.285714,-0.33604159,,0.04018249,172493966.91,144617598.85,2023-09-26T00:00:00+00:00,2025-10-29T00:00:00+00:00,525
85,ABG,KODK,ABG/KODK,1 day,-4.39353697,0.001822,-4.8395794,4.6e-05,9.612099605555555,3.36903193,,1.0,7,0.07391296,16457.142857,0.27915573,,0.05869826,14732974.56,4557750.95,2023-09-26T00:00:00+00:00,2025-10-29T00:00:00+00:00,525
86,ENPH,DOW,ENPH/DOW,1 day,-4.67630146,0.000619,-4.6713215,9.5e-05,8.681994114583333,3.50229602,,1.0,6,0.08385874,13200.0,1.38019867,,0.1127026,244082745.78,180793568.44,2023-09-26T00:00:00+00:00,2025-10-29T00:00:00+00:00,525
87,AHT,PTGX,AHT/PTGX,1 day,-4.14322505,0.00444,-4.87047945,4e-05,8.889895186111112,3.67753528,,1.0,6,0.15977824,22080.0,-1.06585587,,0.15204275,411578.98,16916036.88,2023-09-26T00:00:00+00:00,2025-10-29T00:00:00+00:00,525
88,DE,CME,DE/CME,1 day,-4.78954194,0.000394,-4.7849843,5.8e-05,8.286691206944445,3.12047301,,1.0,7,0.08594976,16662.857143,0.92774231,,0.04607362,269545454.52,211849135.73,2023-09-26T00:00:00+00:00,2025-10-29T00:00:00+00:00,525
89,D,JXN,D/JXN,1 day,-5.52252747,1.6e-05,-5.51767305,2e-06,6.67459259375,3.0437116,,1.0,6,0.05634145,16320.0,0.34464995,,0.03753095,153957620.42,22998733.64,2023-09-26T00:00:00+00:00,2025-10-29T00:00:00+00:00,525
90,ABG,IP,ABG/IP,1 day,-4.81758341,0.000351,-5.04675068,1.8e-05,8.44162085625,3.43617782,,1.0,6,0.06419185,18000.0,0.39607133,,0.05399582,14732974.56,128268407.99,2023-09-26T00:00:00+00:00,2025-10-29T00:00:00+00:00,525
91,AIN,TENB,AIN/TENB,1 day,-4.91407261,0.000236,-4.90938895,3.3e-05,7.864288079861111,3.33008445,,1.0,6,0.0638617,24480.0,0.91138121,,0.059491,6381926.67,21785429.06,2023-09-26T00:00:00+00:00,2025-10-29T00:00:00+00:00,525
92,ACA,MC,ACA/MC,1 day,-4.7943339,0.000386,-4.78975615,5.7e-05,8.23817583263889,3.10052285,,1.0,7,0.04670946,19131.428571,0.59836652,,0.04301009,8127127.75,21092859.51,2023-09-26T00:00:00+00:00,2025-10-29T00:00:00+00:00,525
93,ANDE,CMBM,ANDE/CMBM,1 day,-4.74416404,0.000473,-4.73984615,7.1e-05,8.616712279166666,3.15648433,,1.0,7,0.0704359,17485.714286,0.14670638,,0.0678402,3966163.02,1675892.71,2023-09-26T00:00:00+00:00,2025-10-29T00:00:00+00:00,525
94,AIN,TTWO,AIN/TTWO,1 day,-4.20339947,0.003605,-4.19945654,0.00066,10.694609465972222,3.52539014,,1.0,7,0.07552328,20160.0,-0.65805342,,0.07845177,6381926.67,143950811.59,2023-09-26T00:00:00+00:00,2025-10-29T00:00:00+00:00,525
95,MRNA,CHRD,MRNA/CHRD,1 day,-4.39440691,0.001816,-4.39672362,0.000301,11.0877176125,3.46138328,,1.0,7,0.32796469,18925.714286,2.49114818,,0.17003608,238704183.34,49077077.79,2023-09-26T00:00:00+00:00,2025-10-29T00:00:00+00:00,525
96,AHCO,BXMT,AHCO/BXMT,1 day,-4.60078254,0.000832,-4.59635831,0.000131,8.924598577083334,3.1986079,,1.0,7,0.19357266,21805.714286,-0.94182719,,0.11642362,6511956.25,25187824.34,2023-09-26T00:00:00+00:00,2025-10-29T00:00:00+00:00,525
97,PG,OKE,PG/OKE,1 day,-4.18636524,0.003825,-4.18229293,0.000706,10.616688390972222,3.51136418,,1.0,7,0.02647586,16662.857143,0.29260622,,0.03079502,541513062.54,143188099.63,2023-09-26T00:00:00+00:00,2025-10-29T00:00:00+00:00,525
98,ADEA,L,ADEA/L,1 day,-4.16715096,0.004089,-4.16304452,0.000761,10.611962650694444,3.51811678,,1.0,7,0.05708999,12960.0,1.20430229,,0.07791731,3054351.04,23488738.84,2023-09-26T00:00:00+00:00,2025-10-29T00:00:00+00:00,525
99,K,CPRX,K/CPRX,1 day,-4.94988289,0.000203,-4.94552191,2.8e-05,8.102470768055555,3.33188098,,1.0,6,0.04672471,13920.0,0.87245103,,0.0643793,127363131.21,12318814.02,2023-09-26T00:00:00+00:00,2025-10-29T00:00:00+00:00,525
100,PM,PD,PM/PD,1 day,-4.46009694,0.001423,-4.27801384,0.000485,8.296093947222221,3.40825569,,1.0,6,0.11413198,22320.0,-1.48139707,,0.1054962,375324200.68,15025157.83,2023-09-26T00:00:00+00:00,2025-10-29T00:00:00+00:00,525
